Nombre de cliente,Region,Universidad
Nicolai,China,Yangtze University
Kimmy,Jamaica,Northern Caribbean University
Evvie,Guinea,Université Kofi Annan
Parnell,China,Beijing Polytechnic University
Penelopa,Syria,Arab European University
Garrik,China,Hebei Academy of Fine Art
Elmore,Panama,Universidad Católica Santa María La Antigua
Patience,Syria,Yarmouk Private University 
Aleta,China,Zhongnan University of Economics and Law
Bliss,Croatia,University of Osijek
Hestia,Montenegro,University of Montenegro
Trenton,Brazil,Universidade Católica de Goiás
Trixie,Philippines,Philippine Military Academy
Harman,Indonesia,Universitas Muhammadiyah Magelang
Mandy,Argentina,Universidad Nacional de la Patagonia Austral
Syd,Czech Republic,Technical University of Liberec
Rog,Poland,University of Bialystok
Stacy,Ukraine,National Transport University
Ali,Sweden,Lulea University of Technology
Dennie,Philippines,Liceo de Cagayan University
Laird,Brazil,Faculdades Integradas Curitiba
Michale,France,Ecole Supérieure d'Electricité
Shanta,Guatemala,Universidad Francisco Marroquín
Barnaby,United States,Georgia Baptist College of Nursing
Kikelia,China,China Foreign Affairs University
Orren,France,Institut National des Sciences Appliquées de Rouen
Salvatore,France,Institut Supérieur Agricole de Beauvais
Blake,Indonesia,Universitas Trisakti
Bettye,Indonesia,Universitas Hasanuddin
Heriberto,China,Liaoning Normal University
Daune,Philippines,Ateneo de Davao University
Jacobo,Bulgaria,University of National and World Economy
Dawn,South Korea,Silla University
Joelly,Peru,Universidad de Chiclayo
Tonie,Portugal,Universidade Lusófona de Humanidades e Technologias
Emalia,Norway,Norwegian University of Sport and Physical Education
Audra,China,Xi'an Academy of Fine Art
Sigismond,Nigeria,Rivers State University of Science and Technology
Alis,Saudi Arabia,Yanbu University College
Francesco,France,Ecole Nationale Supérieure de l'Aéronautique et de l'Espace
Danie,China,Henan Agriculture University
Farica,Indonesia,Universitas Yarsi
Cheryl,Indonesia,Universitas Pancasakti Tegal
Sidney,Indonesia,Universitas Ma Chung
Evelyn,China,Jiaying University
Channa,Sweden,Nordic School of Public Health
Joachim,Russia,Belgorod State Agricultural Academy
Lucilia,Russia,State University of Management
Taber,Portugal,Universidade Fernando Pessoa
Cordie,Albania,"University of Elbasan ""Aleksander Xhuvani"""
Emilia,Argentina,Universidad Nacional de Formosa
Hallsy,Djibouti,Université de Djibouti
Bondon,Brazil,Universidade Federal de Viçosa
Tracey,China,Shanghai University of Finance and Economics
Lindsey,Jordan,Applied Science University
Dolph,Russia,National Research University of Electronic Technology
Reade,Indonesia,Universitas Surabaya
Betsey,Pakistan,FAST - National University of Computer and Emerging Sciences (NUCES)
Addison,Russia,Siberian State Industrial University
Lelah,Nigeria,National Open University of Nigeria
Rice,Armenia,European Regional Educational Academy of Armenia
Kliment,China,Hebei University
Zarla,Nicaragua,Universidad Nacional de Ingenieria
Zabrina,China,Zhejiang Forestry University
Guillaume,Portugal,Instituto Superior de Ciências do Trabalho e da Empresa
Mar,China,Shanxi Normal University
Arturo,Sweden,Swedish University of Agricultural Sciences
Tasha,China,Shanghai City College
Rolf,Indonesia,Binus University
Julita,China,Renmin University of China
Giffy,Nigeria,Niger Delta University
Elysia,France,Ecole Nationale Supérieure d'Hydraulique et de Mécanique de Grenoble
Enrichetta,Portugal,Universidade do Porto
Kattie,Brazil,Universidade do Estado do Rio de Janeiro
Munroe,Nigeria,Crescent University
Toma,Kazakhstan,Karaganda State Technical University
Amandi,Norway,Norwegian Teacher Academy for Studies in Religion and Education
Oralee,China,Guangzhou University of Traditional Chinese Medicine
Armando,Philippines,West Visayas State University
Sidonnie,China,Tibet Agricultural and Animal Husbandry College
Udall,Argentina,Universidad de Buenos Aires
Garwin,Indonesia,Universitas Surabaya
Lizbeth,Malaysia,Universiti Malaysia Perlis
Alfie,Morocco,Ecole des Hautes Etudes en Gestion Informatique et Communication
Vivianna,Japan,Hokusei Gakuen University
Zorana,Mongolia,Mongolian University of Science and Technology
Julianne,United States,Lakeview College of Nursing
Brandi,United States,Marietta College
Andie,Philippines,Cagayan State University
Leora,China,Jinan University
Ailbert,Iran,Mashhad University of Medical Sciences
Lanny,Norway,Lillehammer University College
Adara,Bolivia,Escuela Militar de Ingeniería
Dionne,Canada,Memorial University of Newfoundland
Essy,Cambodia,International University
Edsel,Belarus,Polotsk State University
Stern,Chile,Universidad de Viña del Mar
Nana,Sweden,School of Design and Crafts
Kerwin,China,Beijing New Asia University
Tully,Indonesia,Universitas Syiah Kuala
